level	page_num	block_num	par_num	line_num	word_num	left	top	width	height	conf	text
1	1	0	0	0	0	0	0	1080	1080	-1	
2	1	1	0	0	0	0	0	1004	985	-1	
3	1	1	1	0	0	0	0	1004	985	-1	
4	1	1	1	1	0	0	0	684	32	-1	
5	1	1	1	1	1	0	15	22	16	59.557495	~
5	1	1	1	1	2	355	0	24	17	58.058086	-
5	1	1	1	1	3	579	17	37	15	70.408386	—
5	1	1	1	1	4	643	5	41	17	36.283669	a”
4	1	1	1	2	0	235	117	637	29	-1	
5	1	1	1	2	1	235	123	13	23	7.399063	BB
5	1	1	1	2	2	296	123	13	22	37.742500	YG
5	1	1	1	2	3	414	117	23	19	93.015335	od
5	1	1	1	2	4	443	118	94	18	91.927727	14.9.2026
5	1	1	1	2	5	543	117	22	19	89.345306	do
5	1	1	1	2	6	572	118	93	18	89.345306	18.9.2026
5	1	1	1	2	7	741	118	131	22	78.791565	Vpivamikmenu
4	1	1	1	3	0	206	148	645	33	-1	
5	1	1	1	3	1	206	157	135	24	96.674774	BLUEBELL
5	1	1	1	3	2	467	154	19	18	93.648201	od
5	1	1	1	3	3	493	154	44	18	92.551628	11:00
5	1	1	1	3	4	542	154	20	18	96.743782	do
5	1	1	1	3	5	568	154	44	18	96.058861	14:00
5	1	1	1	3	6	760	148	49	18	91.288521	dzban
5	1	1	1	3	7	813	148	38	23	92.607109	vody
4	1	1	1	4	0	206	177	642	33	-1	
5	1	1	1	4	1	206	190	18	4	84.698296	—
5	1	1	1	4	2	235	177	72	33	43.013760	PIVÁREŇ
5	1	1	1	4	3	314	190	27	4	43.013760	—
5	1	1	1	4	4	766	178	82	24	63.631752	sditrónom
4	1	1	1	5	0	496	200	346	51	-1	
5	1	1	1	5	1	496	217	93	34	96.511261	POLIEVKY
5	1	1	1	5	2	772	200	70	51	95.511238	GRATIS
4	1	1	1	6	0	418	255	243	24	-1	
5	1	1	1	6	1	418	255	40	23	88.941772	0,331
5	1	1	1	6	2	465	255	52	19	95.872673	Kurací
5	1	1	1	6	3	520	255	47	24	82.299034	Vývar
5	1	1	1	6	4	572	264	23	12	85.830811	139
5	1	1	1	6	5	609	256	52	21	88.306320	2,00€
4	1	1	1	7	0	394	287	291	24	-1	
5	1	1	1	7	1	394	287	40	23	88.882629	0,331
5	1	1	1	7	2	442	287	45	19	92.360382	Podľa
5	1	1	1	7	3	494	287	57	24	92.360382	Dennej
5	1	1	1	7	4	558	287	61	24	96.886665	Ponuky
5	1	1	1	7	5	632	288	53	21	96.856117	2,00€
4	1	1	1	8	0	395	320	289	23	-1	
5	1	1	1	8	1	395	320	41	23	91.932396	0,331
5	1	1	1	8	2	443	320	69	19	92.608879	Polievka
5	1	1	1	8	3	518	320	99	19	96.005272	Samostatne
5	1	1	1	8	4	632	321	52	21	96.503349	3,50€
4	1	1	1	9	0	439	415	202	28	-1	
5	1	1	1	9	1	439	417	61	19	96.662674	BIZNIS
5	1	1	1	9	2	506	417	54	19	95.766937	MENU
5	1	1	1	9	3	568	415	3	28	95.621582	|
5	1	1	1	9	4	578	418	63	21	95.621582	12,90€
4	1	1	1	10	0	98	447	883	27	-1	
5	1	1	1	10	1	98	450	79	24	95.534096	Grilovaný
5	1	1	1	10	2	183	450	45	19	96.615913	Losos
5	1	1	1	10	3	233	455	7	14	91.123940	s
5	1	1	1	10	4	246	450	99	19	91.123940	Petržlenovo
5	1	1	1	10	5	350	461	6	2	93.139008	-
5	1	1	1	10	6	362	450	85	24	88.049652	Cviklovým
5	1	1	1	10	7	453	450	36	24	96.911118	Pyré
5	1	1	1	10	8	494	455	9	14	96.947411	a
5	1	1	1	10	9	509	450	51	19	93.306252	Bielou
5	1	1	1	10	10	567	447	86	22	92.995026	Čokoládou
5	1	1	1	10	11	658	450	8	20	92.995026	/
5	1	1	1	10	12	672	450	79	19	93.294769	Citrónové
5	1	1	1	10	13	756	450	68	19	92.442566	Arancini
5	1	1	1	10	14	829	450	8	20	93.193466	/
5	1	1	1	10	15	843	450	58	19	93.247147	Pečená
5	1	1	1	10	16	907	447	74	23	90.907990	Šalotka
5	1	1	1	10	17	973	443	12	36	92.277763	/
4	1	1	1	11	0	274	482	532	24	-1	
5	1	1	1	11	1	274	482	87	24	92.652878	Limetkový
5	1	1	1	11	2	367	482	63	20	93.305115	Kaviár
5	1	1	1	11	3	424	478	9	33	93.105347	/
5	1	1	1	11	4	436	482	99	19	89.055992	Marinovand
5	1	1	1	11	5	541	482	82	19	78.453949	Reďkovka
5	1	1	1	11	6	642	482	121	24	78.453949	120/150/150g
5	1	1	1	11	7	769	491	37	12	88.003632	13712
4	1	1	1	12	0	429	543	221	30	-1	
5	1	1	1	12	1	429	543	91	23	96.952057	TRADIČNÉ
5	1	1	1	12	2	527	547	54	19	96.230515	MENU
5	1	1	1	12	3	589	545	61	28	88.739143	|8,90€
4	1	1	1	13	0	76	577	928	27	-1	
5	1	1	1	13	1	76	580	61	24	96.693245	Pomaly
5	1	1	1	13	2	143	580	58	19	96.981125	Pečená
5	1	1	1	13	3	207	580	74	19	96.966156	Bravčová
5	1	1	1	13	4	287	580	79	19	96.552803	Krkovička
5	1	1	1	13	5	372	585	6	14	93.306252	s
5	1	1	1	13	6	385	580	71	19	93.255295	Dusenou
5	1	1	1	13	7	463	577	77	22	93.306107	Červenou
5	1	1	1	13	8	547	580	77	24	92.520805	Kapustou
5	1	1	1	13	9	630	580	8	20	93.246117	/
5	1	1	1	13	10	643	580	67	19	93.304314	Domáca
5	1	1	1	13	11	717	580	56	19	92.691086	Parená
5	1	1	1	13	12	779	580	57	19	72.730026	Knedľa
5	1	1	1	13	13	855	580	121	24	53.824516	180/150/200g
5	1	1	1	13	14	981	589	23	12	91.440247	137
4	1	1	1	14	0	441	643	196	28	-1	
5	1	1	1	14	1	441	645	66	19	96.725189	VEGGIE
5	1	1	1	14	2	514	645	54	19	96.357986	MENU
5	1	1	1	14	3	576	643	3	28	65.735313	|
5	1	1	1	14	4	585	646	52	21	65.735313	9,90€
4	1	1	1	15	0	111	673	857	28	-1	
5	1	1	1	15	1	111	677	87	24	96.810547	Vyprážaný
5	1	1	1	15	2	204	673	52	28	93.305946	Údený
5	1	1	1	15	3	261	677	74	24	93.077583	Oštiepok
5	1	1	1	15	4	340	682	17	14	93.183273	so
5	1	1	1	15	5	363	674	99	27	79.083084	Stuchanymi
5	1	1	1	15	6	467	677	83	19	92.948601	Zemiakmi
5	1	1	1	15	7	555	677	8	20	93.217995	/
5	1	1	1	15	8	569	677	66	19	93.304787	Domáca
5	1	1	1	15	9	640	677	69	19	91.907768	Tatárska
5	1	1	1	15	10	715	677	66	19	87.668480	Omáčka
5	1	1	1	15	11	801	677	109	24	45.064411	150/250/504
5	1	1	1	15	12	916	686	52	12	40.909607	132102
4	1	1	1	16	0	430	738	220	30	-1	
5	1	1	1	16	1	430	738	74	23	96.116783	ŠPECIÁL
5	1	1	1	16	2	510	742	54	19	96.540642	MENU
5	1	1	1	16	3	571	743	8	18	89.567696	1
5	1	1	1	16	4	588	740	3	28	80.530617	|
5	1	1	1	16	5	597	743	53	21	80.530617	8,90€
4	1	1	1	17	0	154	775	772	24	-1	
5	1	1	1	17	1	154	775	51	19	96.834145	Kurací
5	1	1	1	17	2	210	775	85	24	94.486748	Stroganov
5	1	1	1	17	3	300	780	7	14	93.109467	s
5	1	1	1	17	4	313	775	67	19	93.101051	Basmati
5	1	1	1	17	5	386	775	49	24	93.114677	Ryžou
5	1	1	1	17	6	441	780	9	14	91.487236	a
5	1	1	1	17	7	456	775	84	19	89.890160	Domácimi
5	1	1	1	17	8	545	775	113	24	92.390045	Zemiakovými
5	1	1	1	17	9	664	775	97	19	57.472668	Hranolkami
5	1	1	1	17	10	780	775	121	24	43.413090	150/100/100g
5	1	1	1	17	11	906	784	20	12	93.559731	7,10
4	1	1	1	18	0	422	836	235	30	-1	
5	1	1	1	18	1	422	836	74	23	94.726921	ŠPECIÁL
5	1	1	1	18	2	502	840	54	19	96.995071	MENU
5	1	1	1	18	3	557	832	10	38	96.331886	2
5	1	1	1	18	4	580	838	3	28	96.968872	|
5	1	1	1	18	5	594	841	63	21	96.837448	10,90€
4	1	1	1	19	0	77	869	925	27	-1	
5	1	1	1	19	1	77	872	62	24	96.962555	Pomaly
5	1	1	1	19	2	145	872	58	19	97.015793	Pečené
5	1	1	1	19	3	209	872	73	19	93.119072	Bravčové
5	1	1	1	19	4	288	872	41	19	93.080994	Líčka
5	1	1	1	19	5	336	877	19	14	96.992805	na
5	1	1	1	19	6	361	869	84	22	93.306122	Červenom
5	1	1	1	19	7	449	872	36	19	93.043999	Vine
5	1	1	1	19	8	491	877	7	14	93.306252	s
5	1	1	1	19	9	504	872	77	19	92.110977	Domácou
5	1	1	1	19	10	588	872	100	19	92.887650	Zemiakovou
5	1	1	1	19	11	695	869	71	22	80.270172	Štrúdľou
5	1	1	1	19	12	771	872	8	20	92.705444	/
5	1	1	1	19	13	784	872	58	19	96.929337	Pečená
5	1	1	1	19	14	849	872	77	19	96.797150	Koreňová
5	1	1	1	19	15	931	872	71	19	96.748306	Zelenina
4	1	1	1	20	0	459	905	162	24	-1	
5	1	1	1	20	1	459	905	109	24	33.967392	180/250/50G
5	1	1	1	20	2	575	914	46	12	80.603943	137,312
4	1	1	1	21	0	392	965	297	20	-1	
5	1	1	1	21	1	392	965	67	20	96.953239	OSOBNÝ
5	1	1	1	21	2	464	968	61	17	96.681816	ODBER:
5	1	1	1	21	3	535	972	12	12	96.821777	+
5	1	1	1	21	4	553	969	65	16	94.495186	421910
5	1	1	1	21	5	624	969	29	16	91.871048	613
5	1	1	1	21	6	659	969	30	16	91.871048	000
